{"50_xpo_id|ground_truth|TS|TS50_16.json": [[0.008996607069343786, 0.5503523784095845], [0.7449573567235936, 0.5592600880073589], [0.7263478738187042, 1.2480084760818324], [0.02050539249406938, 1.2383884476896734]], "26_hrv_drvlic|ground_truth|TS|TS26_27.json": [[0.14172135217308796, 1.2516339869282105], [0.26357763373184795, 1.2516339869282427], [0.07952254362023646, 1.2516339869282234], [0.15891620874063, 1.2516339869282584]], "15_deu_id_old|ground_truth|KS|KS15_29.json": [[0.05361459653695964, 1.0530368047338492], [1.008839601389495, 1.1469751439842433], [0.9867725164313759, 2.0334952901444607], [0.07334965325655825, 2.1204041863284617]], "37_prt_id|ground_truth|HA|HA37_30.json": [[0.0960005537809066, 1.139637318285641], [0.9618258655168791, 1.0671366518507135], [0.9860854087355295, 1.881612542076559], [0.09257114365613273, 1.977375103701072]], "37_prt_id|ground_truth|TA|TA37_30.json": [[0.05355592008510635, 0.304631492156895], [1.0902212948105872, 0.2934152639587703], [1.058010385865655, 1.285522332358984], [0.026123147755687155, 1.2588835038608965]], "37_prt_id|ground_truth|TA|TA37_27.json": [[0.045901083986349754, -0.29103689802341287], [-0.1803543195838595, 1.7043688594891953], [1.2947360194858537, 1.5000987957584984], [0.19502020200557008, 1.2357604450295705]], "37_prt_id|ground_truth|TA|TA37_28.json": [[0.030616697470027775, 0.3377351995043952], [1.0785477885820478, 0.35390758274266637], [1.0459071832159783, 1.3546226996377972], [0.02286806263642964, 1.3108183817434955]], "37_prt_id|ground_truth|TA|TA37_26.json": [[0.027451656433905302, 0.43706341463853665], [1.0472352663058013, 0.426209512048766], [1.0427080277835947, 1.4028429128728812], [0.015191437346773798, 1.3579784899059761]], "37_prt_id|ground_truth|TS|TS37_30.json": [[0.10029274005680319, 1.3955626896766693], [0.9643572096367811, 1.437683528064265], [1.0338053479915148, 2.321591172456517], [0.06069134422926827, 2.334581635742912]], "37_prt_id|ground_truth|TS|TS37_29.json": [[0.09244430371435775, 1.3671332592849208], [0.9921509116073254, 1.4088585247763428], [0.9917762639269468, 2.295865101705576], [0.07280722432779091, 2.3033171871416678]], "37_prt_id|ground_truth|TS|TS37_26.json": [[0.11776684887938743, 1.3391046486275235], [0.9347087900932101, 1.4041319153641307], [0.9660975923511309, 2.1919925012680155], [0.07749817066861123, 2.234618804158275]], "37_prt_id|ground_truth|TS|TS37_27.json": [[0.12609683577254638, 1.4043609247911248], [0.5691484541655021, 1.577315095906194], [0.7917839371047756, 2.135398273447097], [0.010222051310635957, 2.7602691070591607]], "37_prt_id|ground_truth|PA|PA37_30.json": [[0.14157063117459923, 1.0059172838033124], [1.139725905618217, 1.051160517709185], [0.9791344983252993, 2.145140497604825], [0.09833598268177648, 1.8792965199906069]], "37_prt_id|ground_truth|PA|PA37_29.json": [[0.0020399231922431484, 0.8966225450370948], [1.0815150768900719, 1.092721407642054], [0.9907157414644188, 2.1278929333104175], [-0.055588870721732235, 1.9282006908491163]], "37_prt_id|ground_truth|PA|PA37_28.json": [[-0.019807326307091592, 0.8713580395501763], [1.1226292423200035, 1.079529280972728], [0.9781856781203926, 2.1009164003238094], [-0.08552519050878507, 1.9385477440343815]], "20_esp_id_new|ground_truth|TA|TA20_27.json": [[0.025797172640365348, 0.9244984981384242], [0.6186904858416236, 0.6642053060469053], [0.7593113306433726, 1.284276235759352], [0.10080939931568252, 1.5420074657187162]], "20_esp_id_new|ground_truth|HS|HS20_30.json": [[-0.005711910397768716, 0.7103083025189657], [0.6775963137000565, 0.8768598617140357], [0.6410675652687622, 1.5230391969554027], [0.0050680513103267474, 1.5385440750336128]], "20_esp_id_new|ground_truth|HS|HS20_29.json": [[0.01769777634426961, 0.7999973380256035], [0.7585041008809573, 0.7906714538311922], [0.7587533414868831, 1.5365415129881161], [0.004342852466802082, 1.546526049209576]], "49_usa_ssn82|ground_truth|TA|TA49_16.json": [[0.035668385519912596, 0.6972880860039988], [0.6635629667967682, 0.7426205772425546], [0.6588376679531194, 1.3393336354116017], [0.02717252485467121, 1.369089303993247]], "49_usa_ssn82|ground_truth|TA|TA49_15.json": [[0.05648547206132461, 0.7400147098239113], [0.6506056152152795, 0.761633857576788], [0.6890572675555594, 1.3772729813525135], [0.038042005081615066, 1.3769606342653489]], "49_usa_ssn82|ground_truth|TA|TA49_17.json": [[0.05358006943856475, 0.7063952450180703], [0.6731222881872043, 0.7201305978979802], [0.68284920762914, 1.3461292575835153], [0.036161843669732505, 1.3337877527577806]], "49_usa_ssn82|ground_truth|TA|TA49_12.json": [[0.0925245519550959, 0.8214719680441392], [0.6391919150294246, 0.83285796363276], [0.7390627099625929, 1.4393955604904716], [-0.0531156399639536, 1.4239485533185776]], "49_usa_ssn82|ground_truth|TA|TA49_20.json": [[0.0394861202446209, 0.6363061271657133], [0.6734121350232918, 0.650938919863205], [0.6820910638600507, 1.2863923497122762], [0.024847665995435617, 1.273025665807992]], "49_usa_ssn82|ground_truth|TA|TA49_30.json": [[0.04991403714657615, 0.5306469567426856], [0.6780627444934328, 0.551424216590045], [0.7009837596554261, 1.1763337851149294], [0.022592823939370593, 1.1702466381498633]], "49_usa_ssn82|ground_truth|TA|TA49_29.json": [[0.05282664829805163, 0.49556607433861877], [0.6858172488950343, 0.5141013044649593], [0.7058498449899039, 1.1554451730211364], [0.030817715375673644, 1.153491638527508]], "49_usa_ssn82|ground_truth|TA|TA49_27.json": [[1.0586184774633065, 2.0453319726645858], [0.5705328583235478, 1.4092132875050558], [0.23525130327701232, 1.2157328288425966], [0.5199259413067453, 1.3123345075396433]], "49_usa_ssn82|ground_truth|TA|TA49_24.json": [[0.04973535753582396, 0.5727589816284214], [0.6723412649283824, 0.5964121677356443], [0.6842842089248748, 1.224202590841708], [0.027340582074260135, 1.2063177025543024]], "49_usa_ssn82|ground_truth|TA|TA49_14.json": [[0.0646516141683868, 0.7516383828408815], [0.6730796722272062, 0.7703059953619591], [0.6892258424206996, 1.3856853074379654], [0.023025503713665033, 1.376791640535948]], "49_usa_ssn82|ground_truth|TA|TA49_28.json": [[-0.001081076353424437, 0.47318136050442167], [0.6900172092133943, 0.5125316369337597], [0.7135233324199894, 1.1134766846424518], [-0.0780771514691805, 1.2074082119407512]], "49_usa_ssn82|ground_truth|TA|TA49_21.json": [[0.04758229532107093, 0.6308001160882747], [0.6936250519047955, 0.6166731066453701], [0.6897373514389896, 1.275370666963946], [0.029872628658282715, 1.2372169046285735]], "49_usa_ssn82|ground_truth|TS|TS49_12.json": [[0.1825903497663215, 1.061425817302803], [0.13580976256366584, 1.5182534844482212], [0.15276300203819557, 1.0554885820816953], [0.2222501178797242, 1.1539753141644034]], "49_usa_ssn82|ground_truth|TS|TS49_10.json": [[0.05559741661323551, 0.8521560600007024], [0.5572043390393743, 0.8066780892442285], [0.7600272677876001, 1.4037717151586624], [0.04673258078635717, 1.410672287637182]]}